strategy,rebalance_block,start_date,end_date,symbol,score,weight,portfolio_value_at_rebalance,target_allocation_value,allocation_value,entry_close,end_close,previous_quantity,quantity,quantity_change,period_return
mvo,1,2025-06-02,2025-07-11,INDIGO,75.0,0.1,99990.0,9999.0,5333.0,5333.0,5917.5,0,1,1,0.10960060003750227
mvo,1,2025-06-02,2025-07-11,SUNPHARMA,75.0,0.1,99990.0,9999.0,8373.0,1674.6,1672.0,0,5,5,-0.0015526095784067495
mvo,1,2025-06-02,2025-07-11,NTPC,75.0,0.1,99990.0,9999.0,9976.5,332.55,342.7,0,30,30,0.030521726056232046
mvo,1,2025-06-02,2025-07-11,BAJAJ-AUTO,75.0,0.1,99990.0,9999.0,8513.5,8513.5,8067.0,0,1,1,-0.05244611499383334
mvo,1,2025-06-02,2025-07-11,ONGC,75.0,0.1,99990.0,9999.0,9770.710000000001,238.31,241.76,0,41,41,0.014476941798497789
mvo,1,2025-06-02,2025-07-11,RELIANCE,75.0,0.1,99990.0,9999.0,9895.9,1413.7,1495.2,0,7,7,0.05765013793591289
mvo,1,2025-06-02,2025-07-11,BEL,75.0,0.1,99990.0,9999.0,9687.5,387.5,409.3,0,25,25,0.056258064516129025
mvo,1,2025-06-02,2025-07-11,BHARTIARTL,75.0,0.1,99990.0,9999.0,9270.5,1854.1,1921.9,0,5,5,0.03656760692519301
mvo,1,2025-06-02,2025-07-11,JSWSTEEL,74.0,0.1,99990.0,9999.0,9788.0,978.8,1037.2,0,10,10,0.059664895790764394
mvo,1,2025-06-02,2025-07-11,HINDALCO,74.0,0.1,99990.0,9999.0,9466.5,631.1,670.95,0,15,15,0.06314371731896684
mvo,2,2025-07-14,2025-08-25,ULTRACEMCO,68.72,0.19999999999999915,103441.75769620501,20688.351539240914,12516.0,12516.0,12606.0,0,1,1,0.007190795781399917
mvo,2,2025-07-14,2025-08-25,JIOFIN,72.555,0.11063342976140515,103441.75769620501,11444.116434479387,11168.5,319.1,319.7,0,35,35,0.0018802883108741675
mvo,2,2025-07-14,2025-08-25,GRASIM,66.16499999999999,0.1842487340539109,103441.75769620501,19059.012903837167,16706.4,2784.4,2811.4,0,6,6,0.009696882631805792
mvo,2,2025-07-14,2025-08-25,ASIANPAINT,68.36,0.19999999999999993,103441.75769620501,20688.351539240994,19212.8,2401.6,2492.9,0,8,8,0.03801632245169895
mvo,2,2025-07-14,2025-08-25,INDIGO,71.41499999999999,0.01999999999999999,103441.75769620501,2068.835153924099,0.0,5940.5,6116.0,1,0,-1,0.02954296776365628
mvo,2,2025-07-14,2025-08-25,KOTAKBANK,66.035,0.01999999999999999,103441.75769620501,2068.835153924099,0.0,2203.8,1983.3,0,0,0,-0.10005445140212366
mvo,2,2025-07-14,2025-08-25,HINDALCO,69.215,0.01999999999999999,103441.75769620501,2068.835153924099,1999.5,666.5,715.85,15,3,-12,0.07404351087771954
mvo,2,2025-07-14,2025-08-25,ETERNAL,63.95,0.089470983247914,103441.75769620501,9255.035769971937,9200.400000000001,270.6,319.25,0,34,34,0.17978566149297848
mvo,2,2025-07-14,2025-08-25,EICHERMOT,65.71000000000001,0.13564685293677067,103441.75769620501,14031.548893738187,11081.0,5540.5,5990.5,0,2,2,0.08122010648858402
mvo,2,2025-07-14,2025-08-25,RELIANCE,74.36,0.02000000000000011,103441.75769620501,2068.8351539241116,1483.7,1483.7,1412.6,7,1,-6,-0.047920738693806086
mvo,3,2025-08-26,2025-10-08,ETERNAL,62.79,0.20000000000000007,107772.23759618391,21554.44751923679,21299.3,317.9,341.65,34,67,33,0.07470902799622525
mvo,3,2025-08-26,2025-10-08,EICHERMOT,76.975,0.19999999999999757,107772.23759618391,21554.44751923652,18453.0,6151.0,6902.5,2,3,1,0.12217525605592594
mvo,3,2025-08-26,2025-10-08,ULTRACEMCO,75.06,0.020000000000000427,107772.23759618391,2155.444751923724,0.0,12610.0,11991.0,1,0,-1,-0.04908802537668522
mvo,3,2025-08-26,2025-10-08,MARUTI,76.95,0.1604552921475658,107772.23759618391,17292.625868892563,14714.0,14714.0,16012.0,0,1,1,0.0882153051515564
mvo,3,2025-08-26,2025-10-08,HINDALCO,76.23,0.020000000000000576,107772.23759618391,2155.4447519237406,2117.1000000000004,705.7,768.2,3,3,0,0.08856454584100892
mvo,3,2025-08-26,2025-10-08,M&M,72.945,0.02000000000000125,107772.23759618391,2155.444751923813,0.0,3330.8,3426.5,0,0,0,0.028731836195508453
mvo,3,2025-08-26,2025-10-08,INDIGO,73.96000000000001,0.09445745885943892,107772.23759618391,10179.891698931218,6050.0,6050.0,5635.0,0,1,1,-0.06859504132231409
mvo,3,2025-08-26,2025-10-08,ASIANPAINT,63.71,0.19138972460881412,107772.23759618391,20626.49887400932,19851.2,2481.4,2328.5,8,8,0,-0.061618441202547
mvo,3,2025-08-26,2025-10-08,GRASIM,64.47,0.020000000000000025,107772.23759618391,2155.444751923681,0.0,2796.2,2778.2,6,0,-6,-0.006437307774837309
mvo,3,2025-08-26,2025-10-08,APOLLOHOSP,74.775,0.07369752438418133,107772.23759618391,7942.547108182547,7793.5,7793.5,7662.0,0,1,1,-0.01687303522165906
mvo,4,2025-10-09,2025-11-21,EICHERMOT,71.375,0.1999999999999908,111987.94487466726,22397.58897493242,20689.5,6896.5,7134.5,3,3,0,0.034510258826941254
mvo,4,2025-10-09,2025-11-21,MARUTI,71.96000000000001,0.19999999999999868,111987.94487466726,22397.588974933304,15985.0,15985.0,15977.0,1,1,0,-0.0005004691898654601
mvo,4,2025-10-09,2025-11-21,ETERNAL,60.71,0.19999999999999754,111987.94487466726,22397.588974933176,22112.0,345.5,301.95,67,64,-3,-0.1260492040520984
mvo,4,2025-10-09,2025-11-21,HINDALCO,73.08,0.15472307716985068,111987.94487466726,17327.119436936126,17030.2,774.1,777.7,3,22,19,0.004650561942901366
mvo,4,2025-10-09,2025-11-21,JSWSTEEL,74.845,0.01999999999999987,111987.94487466726,2239.7588974933306,1175.2,1175.2,1140.3,0,1,1,-0.02969707283866585
mvo,4,2025-10-09,2025-11-21,GRASIM,64.05,0.01999999999999987,111987.94487466726,2239.7588974933306,0.0,2810.6,2734.8,0,0,0,-0.026969330392087043
mvo,4,2025-10-09,2025-11-21,M&M,65.94,0.01999999999999987,111987.94487466726,2239.7588974933306,0.0,3442.9,3749.6,0,0,0,0.08908187864881345
mvo,4,2025-10-09,2025-11-21,APOLLOHOSP,73.895,0.020000000000001072,111987.94487466726,2239.758897493465,0.0,7695.0,7391.0,1,0,-1,-0.03950617283950619
mvo,4,2025-10-09,2025-11-21,ULTRACEMCO,74.155,0.01999999999999987,111987.94487466726,2239.7588974933306,0.0,12192.0,11729.0,0,0,0,-0.03797572178477693
mvo,4,2025-10-09,2025-11-21,SBIN,71.96000000000001,0.14527692283016183,111987.94487466726,16269.264025465453,15517.800000000001,862.1,972.6,0,18,18,0.1281753856861152
mvo,5,2025-11-24,2026-01-05,EICHERMOT,74.33500000000001,0.1999999999999992,112040.5443206046,22408.108864120833,21775.5,7258.5,7482.5,3,3,0,0.030860370599986142
mvo,5,2025-11-24,2026-01-05,MARUTI,73.83,0.14496489038181584,112040.5443206046,16241.945225755426,15958.0,15958.0,17155.0,1,1,0,0.07500939967414455
mvo,5,2025-11-24,2026-01-05,SBIN,72.25,0.1999999999999992,112040.5443206046,22408.108864120833,22323.8,970.6,1005.55,18,23,5,0.036008654440552235
mvo,5,2025-11-24,2026-01-05,ASIANPAINT,66.405,0.19453375614571905,112040.5443206046,21795.667927298124,20154.399999999998,2879.2,2815.6,0,7,7,-0.02208946929702693
mvo,5,2025-11-24,2026-01-05,HINDALCO,64.36,0.05546449236132446,112040.5443206046,6214.271914628809,6197.2,774.65,931.7,22,8,-14,0.20273671980894603
mvo,5,2025-11-24,2026-01-05,M&M,71.57,0.01999999999999992,112040.5443206046,2240.810886412083,0.0,3690.8,3790.3,0,0,0,0.026958924894331826
mvo,5,2025-11-24,2026-01-05,SHRIRAMFIN,74.625,0.03542721843628315,112040.5443206046,3969.284837366123,3312.8,828.2,1003.35,0,4,4,0.21148273363921755
mvo,5,2025-11-24,2026-01-05,JSWSTEEL,67.475,0.01999999999999992,112040.5443206046,2240.810886412083,2212.0,1106.0,1185.9,1,2,1,0.07224231464737807
mvo,5,2025-11-24,2026-01-05,BHARTIARTL,74.06,0.01999999999999992,112040.5443206046,2240.810886412083,2152.1,2152.1,2105.0,0,1,1,-0.021885600111518966
mvo,5,2025-11-24,2026-01-05,ETERNAL,59.07,0.10960964267485918,112040.5443206046,12280.724028078193,12040.0,301.0,281.8,64,40,-24,-0.06378737541528234
mvo,6,2026-01-06,2026-02-17,SBIN,73.31,0.20000000000000018,116598.50887858342,23319.701775716705,22415.8,1018.9,1213.4,23,22,-1,0.19089213858082266
mvo,6,2026-01-06,2026-02-17,MARUTI,75.245,0.15649534563559495,116598.50887858342,18247.1239475489,17292.0,17292.0,15179.0,1,1,0,-0.12219523479065464
mvo,6,2026-01-06,2026-02-17,EICHERMOT,74.37,0.17548585022050223,116598.50887858342,20461.38846500099,15045.0,7522.5,8035.0,3,2,-1,0.0681289464938517
mvo,6,2026-01-06,2026-02-17,SHRIRAMFIN,69.43,0.11154163477223174,116598.50887858342,13005.588292321772,12031.8,1002.65,1075.0,4,12,8,0.07215877923502712
mvo,6,2026-01-06,2026-02-17,HINDALCO,67.85,0.12312800415820038,116598.50887858342,14356.541686042185,14133.75,942.25,890.1,8,15,7,-0.05534624568851154
mvo,6,2026-01-06,2026-02-17,LT,65.82,0.038357761603718225,116598.50887858342,4472.457806913726,4140.6,4140.6,4279.8,0,1,1,0.03361831618605993
mvo,6,2026-01-06,2026-02-17,SBILIFE,53.71,0.08866032786952951,116598.50887858342,10337.662026273454,8383.2,2095.8,2039.5,0,4,4,-0.026863250310144138
mvo,6,2026-01-06,2026-02-17,M&M,71.245,0.020000000000000746,116598.50887858342,2331.9701775717554,0.0,3785.6,3489.2,0,0,0,-0.07829670329670335
mvo,6,2026-01-06,2026-02-17,ASIANPAINT,62.715,0.0663310757402207,116598.50887858342,7734.104523622112,5691.6,2845.8,2437.4,7,2,-5,-0.14350973364256103
mvo,6,2026-01-06,2026-02-17,BAJAJ-AUTO,71.95,0.020000000000001447,116598.50887858342,2331.970177571837,0.0,9661.0,9826.5,0,0,0,0.01713073180830138
mvo,7,2026-02-18,2026-04-06,SHRIRAMFIN,71.68,0.19999999999999965,119108.66911675122,23821.7338233502,23676.4,1076.2,928.0,12,22,10,-0.13770674595800036
mvo,7,2026-02-18,2026-04-06,SBIN,71.105,0.19999999999999973,119108.66911675122,23821.733823350212,23159.100000000002,1218.9,1032.75,22,19,-3,-0.15271966527196656
mvo,7,2026-02-18,2026-04-06,EICHERMOT,71.055,0.2000000000000001,119108.66911675122,23821.733823350256,16019.0,8009.5,6596.0,2,2,0,-0.17647793245520949
mvo,7,2026-02-18,2026-04-06,AXISBANK,68.83,0.06829813288113579,119108.66911675122,8134.899710631109,6885.0,1377.0,1245.3,0,5,5,-0.0956427015250545
mvo,7,2026-02-18,2026-04-06,TITAN,73.43,0.19059388117561968,119108.66911675122,22701.383528624283,21243.0,4248.6,4246.1,0,5,5,-0.000588429129595669
mvo,7,2026-02-18,2026-04-06,TATASTEEL,69.235,0.02000000000000001,119108.66911675122,2382.1733823350255,2299.33,209.03,196.1,0,11,11,-0.061857149691431856
mvo,7,2026-02-18,2026-04-06,BAJAJ-AUTO,74.96000000000001,0.024298067014143877,119108.66911675122,2894.11042416431,0.0,9980.0,8942.5,0,0,0,-0.10395791583166336
mvo,7,2026-02-18,2026-04-06,HINDALCO,66.13,0.02000000000000001,119108.66911675122,2382.1733823350255,1798.5,899.25,927.45,15,2,-13,0.031359466221851484
mvo,7,2026-02-18,2026-04-06,LT,69.785,0.02000000000000001,119108.66911675122,2382.1733823350255,0.0,4325.9,3727.7,1,0,-1,-0.13828336299960697
mvo,7,2026-02-18,2026-04-06,NESTLEIND,60.010000000000005,0.056809918929101096,119108.66911675122,6766.553836275764,6504.5,1300.9,1216.0,0,5,5,-0.06526251056960575
mvo,8,2026-04-07,2026-05-20,SHRIRAMFIN,73.775,0.20000000000000018,106700.8108277651,21340.16216555304,20474.3,930.65,923.45,22,22,0,-0.007736528232955342
mvo,8,2026-04-07,2026-05-20,TITAN,70.43,0.20000000000000018,106700.8108277651,21340.16216555304,21153.0,4230.6,4106.4,5,5,0,-0.029357537937881317
mvo,8,2026-04-07,2026-05-20,SBIN,68.58500000000001,0.06667541320615875,106700.8108277651,7114.320651373416,6182.400000000001,1030.4,950.9,19,6,-13,-0.07715450310559013
mvo,8,2026-04-07,2026-05-20,HINDALCO,67.88,0.020000000000000358,106700.8108277651,2134.01621655534,1909.0,954.5,1085.5,2,2,0,0.1372446306966999
mvo,8,2026-04-07,2026-05-20,COALINDIA,63.56,0.17880757462038147,106700.8108277651,19078.913194140816,18983.0,463.0,458.7,0,41,41,-0.009287257019438444
mvo,8,2026-04-07,2026-05-20,ONGC,70.16,0.2000000000000001,106700.8108277651,21340.162165553033,21212.1,286.65,298.3,0,74,74,0.04064189778475513
mvo,8,2026-04-07,2026-05-20,TATASTEEL,68.715,0.020000000000000014,106700.8108277651,2134.016216555304,1981.3,198.13,207.01,11,10,-1,0.044819058194115025
mvo,8,2026-04-07,2026-05-20,AXISBANK,70.41499999999999,0.020000000000000014,106700.8108277651,2134.016216555304,1250.1,1250.1,1249.8,5,1,-4,-0.0002399808015358662
mvo,8,2026-04-07,2026-05-20,SUNPHARMA,62.07,0.07451701217345894,106700.8108277651,7951.025619370511,6872.0,1718.0,1880.3,0,4,4,0.09447031431897557
mvo,8,2026-04-07,2026-05-20,NTPC,63.695,0.02000000000000018,106700.8108277651,2134.0162165553215,1844.25,368.85,392.45,0,5,5,0.06398264877321402
mvo,9,2026-05-21,2026-06-25,HINDALCO,65.175,0.17865418183575982,108245.55354784224,19338.520806448683,18688.1,1099.3,953.2,2,17,15,-0.13290275629946324
mvo,9,2026-05-21,2026-06-25,NTPC,63.125,0.1326546010868871,108245.55354784224,14359.270725318287,13996.800000000001,388.8,352.05,5,36,31,-0.09452160493827155
mvo,9,2026-05-21,2026-06-25,BAJAJ-AUTO,70.475,0.19999999999999987,108245.55354784224,21649.110709568435,21334.0,10667.0,9843.0,0,2,2,-0.07724758601293713
mvo,9,2026-05-21,2026-06-25,COALINDIA,63.375,0.14352649830182332,108245.55354784224,15536.105257464304,15186.6,460.2,435.4,41,33,-8,-0.05388961321164709
mvo,9,2026-05-21,2026-06-25,ONGC,64.0,0.14750763235346556,108245.55354784224,15967.045316632482,15680.050000000001,295.85,233.1,74,53,-21,-0.21210072671962155
mvo,9,2026-05-21,2026-06-25,TATASTEEL,67.0,0.020000000000000174,108245.55354784224,2164.9110709568636,2085.8,208.58,188.71,10,10,0,-0.0952632083613002
mvo,9,2026-05-21,2026-06-25,ADANIPORTS,75.35,0.020000000000000066,108245.55354784224,2164.9110709568517,1793.3,1793.3,1796.0,0,1,1,0.0015056041933865227
mvo,9,2026-05-21,2026-06-25,NESTLEIND,47.3,0.10426833674308232,108245.55354784224,11286.583828267763,11252.0,1406.5,1402.6,0,8,8,-0.002772840383931774
mvo,9,2026-05-21,2026-06-25,POWERGRID,67.225,0.02000000000000003,108245.55354784224,2164.911070956848,2096.85,299.55,283.9,0,7,7,-0.05224503421799376
mvo,9,2026-05-21,2026-06-25,APOLLOHOSP,70.9,0.03338874967898174,108245.55354784224,3614.1836912717185,0.0,8308.5,8592.0,0,0,0,0.03412168261419035
